video_name,model,gpu time,frame rate,f1,temporal,spatial,bandwidth
highway_0,faster_rcnn_resnet101,0.04,0.04,0.217897685,1,NA,NA
highway_0,faster_rcnn_inception_v2,0.021886792,0.04,0.155172414,1,NA,NA
highway_0,ssd_mobilenet_v2,0.011698113,0.04,0.114627388,1,NA,NA
highway_0,faster_rcnn_resnet101,0.8,0.8,0.990366089,20,NA,NA
highway_0,faster_rcnn_resnet101,0.6,0.6,0.979609929,15,NA,NA
highway_0,faster_rcnn_resnet101,0.4,0.4,0.93394823,10,NA,NA
highway_0,faster_rcnn_resnet101,0.2,0.2,0.762892709,5,NA,NA
highway_0,faster_rcnn_resnet101,0.16,0.16,0.654566918,4,NA,NA
highway_0,faster_rcnn_resnet101,0.12,0.12,0.532093847,3,NA,NA
highway_0,faster_rcnn_resnet101,0.1,0.1,0.465859854,2.5,NA,NA
highway_0,faster_rcnn_resnet101,0.08,0.08,0.386944321,2,NA,NA
highway_0,faster_rcnn_resnet101,0.072,0.072,0.350371471,1.8,NA,NA
highway_0,faster_rcnn_resnet101,0.06,0.06,0.294013041,1.5,NA,NA
highway_0,faster_rcnn_resnet101,0.048,0.048,0.247407185,1.2,NA,NA
highway_0,faster_rcnn_resnet101,0.04,0.04,0.217897685,1,NA,NA
highway_1,faster_rcnn_resnet101,0.04,0.04,0.176852271,1,NA,NA
highway_1,faster_rcnn_inception_v2,0.021886792,0.04,0.13575158,1,NA,NA
highway_1,ssd_mobilenet_v2,0.011698113,0.04,0.109920308,1,NA,NA
highway_1,faster_rcnn_resnet101,0.8,0.8,0.98982751,20,NA,NA
highway_1,faster_rcnn_resnet101,0.6,0.6,0.979142186,15,NA,NA
highway_1,faster_rcnn_resnet101,0.4,0.4,0.919940916,10,NA,NA
highway_1,faster_rcnn_resnet101,0.2,0.2,0.711824124,5,NA,NA
highway_1,faster_rcnn_resnet101,0.16,0.16,0.598555212,4,NA,NA
highway_1,faster_rcnn_resnet101,0.12,0.12,0.467185435,3,NA,NA
highway_1,faster_rcnn_resnet101,0.1,0.1,0.395424837,2.5,NA,NA
highway_1,faster_rcnn_resnet101,0.08,0.08,0.324900133,2,NA,NA
highway_1,faster_rcnn_resnet101,0.072,0.072,0.295579699,1.8,NA,NA
highway_1,faster_rcnn_resnet101,0.06,0.06,0.257263834,1.5,NA,NA
highway_1,faster_rcnn_resnet101,0.048,0.048,0.209298893,1.2,NA,NA
highway_1,faster_rcnn_resnet101,0.04,0.04,0.176852271,1,NA,NA
highway_2,faster_rcnn_resnet101,0.04,0.04,0.185726328,1,NA,NA
highway_2,faster_rcnn_inception_v2,0.021886792,0.04,0.151104017,1,NA,NA
highway_2,ssd_mobilenet_v2,0.011698113,0.04,0.131959838,1,NA,NA
highway_2,faster_rcnn_resnet101,0.8,0.8,0.991093793,20,NA,NA
highway_2,faster_rcnn_resnet101,0.6,0.6,0.981716678,15,NA,NA
highway_2,faster_rcnn_resnet101,0.4,0.4,0.923740607,10,NA,NA
highway_2,faster_rcnn_resnet101,0.2,0.2,0.725201445,5,NA,NA
highway_2,faster_rcnn_resnet101,0.16,0.16,0.623743017,4,NA,NA
highway_2,faster_rcnn_resnet101,0.12,0.12,0.498802311,3,NA,NA
highway_2,faster_rcnn_resnet101,0.1,0.1,0.426138724,2.5,NA,NA
highway_2,faster_rcnn_resnet101,0.08,0.08,0.349734414,2,NA,NA
highway_2,faster_rcnn_resnet101,0.072,0.072,0.318699639,1.8,NA,NA
highway_2,faster_rcnn_resnet101,0.06,0.06,0.27286954,1.5,NA,NA
highway_2,faster_rcnn_resnet101,0.048,0.048,0.225837853,1.2,NA,NA
highway_2,faster_rcnn_resnet101,0.04,0.04,0.185726328,1,NA,NA
highway_3,faster_rcnn_resnet101,0.04,0.04,0.349299208,1,NA,NA
highway_3,faster_rcnn_inception_v2,0.021886792,0.04,0.281853282,1,NA,NA
highway_3,ssd_mobilenet_v2,0.011698113,0.04,0.283502773,1,NA,NA
highway_3,faster_rcnn_resnet101,0.8,0.8,0.990173481,20,NA,NA
highway_3,faster_rcnn_resnet101,0.6,0.6,0.982562364,15,NA,NA
highway_3,faster_rcnn_resnet101,0.4,0.4,0.942162819,10,NA,NA
highway_3,faster_rcnn_resnet101,0.2,0.2,0.861482382,5,NA,NA
highway_3,faster_rcnn_resnet101,0.16,0.16,0.820362928,4,NA,NA
highway_3,faster_rcnn_resnet101,0.12,0.12,0.749331388,3,NA,NA
highway_3,faster_rcnn_resnet101,0.1,0.1,0.681895504,2.5,NA,NA
highway_3,faster_rcnn_resnet101,0.08,0.08,0.591504468,2,NA,NA
highway_3,faster_rcnn_resnet101,0.072,0.072,0.5404814,1.8,NA,NA
highway_3,faster_rcnn_resnet101,0.06,0.06,0.485462661,1.5,NA,NA
highway_3,faster_rcnn_resnet101,0.048,0.048,0.399312799,1.2,NA,NA
highway_3,faster_rcnn_resnet101,0.04,0.04,0.349299208,1,NA,NA
highway_4,faster_rcnn_resnet101,0.04,0.04,0.642291286,1,NA,NA
highway_4,faster_rcnn_inception_v2,0.021886792,0.04,0.532996692,1,NA,NA
highway_4,ssd_mobilenet_v2,0.011698113,0.04,0.461020844,1,NA,NA
highway_4,faster_rcnn_resnet101,0.8,0.8,0.994064779,20,NA,NA
highway_4,faster_rcnn_resnet101,0.6,0.6,0.988157672,15,NA,NA
highway_4,faster_rcnn_resnet101,0.4,0.4,0.958036018,10,NA,NA
highway_4,faster_rcnn_resnet101,0.2,0.2,0.887794941,5,NA,NA
highway_4,faster_rcnn_resnet101,0.16,0.16,0.865968854,4,NA,NA
highway_4,faster_rcnn_resnet101,0.12,0.12,0.840306423,3,NA,NA
highway_4,faster_rcnn_resnet101,0.1,0.1,0.814060896,2.5,NA,NA
highway_4,faster_rcnn_resnet101,0.08,0.08,0.783199931,2,NA,NA
highway_4,faster_rcnn_resnet101,0.072,0.072,0.760725793,1.8,NA,NA
highway_4,faster_rcnn_resnet101,0.06,0.06,0.722746638,1.5,NA,NA
highway_4,faster_rcnn_resnet101,0.048,0.048,0.68668584,1.2,NA,NA
highway_4,faster_rcnn_resnet101,0.04,0.04,0.642291286,1,NA,NA
highway_5,faster_rcnn_resnet101,0.04,0.04,0.395005371,1,NA,NA
highway_5,faster_rcnn_inception_v2,0.021886792,0.04,0.295214923,1,NA,NA
highway_5,ssd_mobilenet_v2,0.011698113,0.04,0.273142383,1,NA,NA
highway_5,faster_rcnn_resnet101,0.8,0.8,0.99304918,20,NA,NA
highway_5,faster_rcnn_resnet101,0.6,0.6,0.989013863,15,NA,NA
highway_5,faster_rcnn_resnet101,0.4,0.4,0.950630252,10,NA,NA
highway_5,faster_rcnn_resnet101,0.2,0.2,0.85669042,5,NA,NA
highway_5,faster_rcnn_resnet101,0.16,0.16,0.799367255,4,NA,NA
highway_5,faster_rcnn_resnet101,0.12,0.12,0.710137412,3,NA,NA
highway_5,faster_rcnn_resnet101,0.1,0.1,0.649742166,2.5,NA,NA
highway_5,faster_rcnn_resnet101,0.08,0.08,0.580456718,2,NA,NA
highway_5,faster_rcnn_resnet101,0.072,0.072,0.562242798,1.8,NA,NA
highway_5,faster_rcnn_resnet101,0.06,0.06,0.506033376,1.5,NA,NA
highway_5,faster_rcnn_resnet101,0.048,0.048,0.45730674,1.2,NA,NA
highway_5,faster_rcnn_resnet101,0.04,0.04,0.395005371,1,NA,NA
highway_6,faster_rcnn_resnet101,0.04,0.04,0.179640719,1,NA,NA
highway_6,faster_rcnn_inception_v2,0.021886792,0.04,0.161527166,1,NA,NA
highway_6,ssd_mobilenet_v2,0.011698113,0.04,0.107724804,1,NA,NA
highway_6,faster_rcnn_resnet101,0.8,0.8,0.989304813,20,NA,NA
highway_6,faster_rcnn_resnet101,0.6,0.6,0.980324256,15,NA,NA
highway_6,faster_rcnn_resnet101,0.4,0.4,0.917728488,10,NA,NA
highway_6,faster_rcnn_resnet101,0.2,0.2,0.677849193,5,NA,NA
highway_6,faster_rcnn_resnet101,0.16,0.16,0.56599588,4,NA,NA
highway_6,faster_rcnn_resnet101,0.12,0.12,0.448595197,3,NA,NA
highway_6,faster_rcnn_resnet101,0.1,0.1,0.390686045,2.5,NA,NA
highway_6,faster_rcnn_resnet101,0.08,0.08,0.317648948,2,NA,NA
highway_6,faster_rcnn_resnet101,0.072,0.072,0.291101761,1.8,NA,NA
highway_6,faster_rcnn_resnet101,0.06,0.06,0.261308117,1.5,NA,NA
highway_6,faster_rcnn_resnet101,0.048,0.048,0.200624025,1.2,NA,NA
highway_6,faster_rcnn_resnet101,0.04,0.04,0.179640719,1,NA,NA
highway_7,faster_rcnn_resnet101,0.04,0.04,0.158443642,1,NA,NA
highway_7,faster_rcnn_inception_v2,0.021886792,0.04,0.126444024,1,NA,NA
highway_7,ssd_mobilenet_v2,0.011698113,0.04,0.101237761,1,NA,NA
highway_7,faster_rcnn_resnet101,0.8,0.8,0.988718775,20,NA,NA
highway_7,faster_rcnn_resnet101,0.6,0.6,0.977634495,15,NA,NA
highway_7,faster_rcnn_resnet101,0.4,0.4,0.920072478,10,NA,NA
highway_7,faster_rcnn_resnet101,0.2,0.2,0.661436331,5,NA,NA
highway_7,faster_rcnn_resnet101,0.16,0.16,0.542776433,4,NA,NA
highway_7,faster_rcnn_resnet101,0.12,0.12,0.420164692,3,NA,NA
highway_7,faster_rcnn_resnet101,0.1,0.1,0.355483082,2.5,NA,NA
highway_7,faster_rcnn_resnet101,0.08,0.08,0.291717172,2,NA,NA
highway_7,faster_rcnn_resnet101,0.072,0.072,0.271926312,1.8,NA,NA
highway_7,faster_rcnn_resnet101,0.06,0.06,0.227587572,1.5,NA,NA
highway_7,faster_rcnn_resnet101,0.048,0.048,0.185185185,1.2,NA,NA
highway_7,faster_rcnn_resnet101,0.04,0.04,0.158443642,1,NA,NA
highway_8,faster_rcnn_resnet101,0.04,0.04,0.166841773,1,NA,NA
highway_8,faster_rcnn_inception_v2,0.021886792,0.04,0.145493562,1,NA,NA
highway_8,ssd_mobilenet_v2,0.011698113,0.04,0.079000403,1,NA,NA
highway_8,faster_rcnn_resnet101,0.8,0.8,0.986150713,20,NA,NA
highway_8,faster_rcnn_resnet101,0.6,0.6,0.97740688,15,NA,NA
highway_8,faster_rcnn_resnet101,0.4,0.4,0.908015501,10,NA,NA
highway_8,faster_rcnn_resnet101,0.2,0.2,0.656868749,5,NA,NA
highway_8,faster_rcnn_resnet101,0.16,0.16,0.567164179,4,NA,NA
highway_8,faster_rcnn_resnet101,0.12,0.12,0.451824518,3,NA,NA
highway_8,faster_rcnn_resnet101,0.1,0.1,0.396023534,2.5,NA,NA
highway_8,faster_rcnn_resnet101,0.08,0.08,0.328755893,2,NA,NA
highway_8,faster_rcnn_resnet101,0.072,0.072,0.295548228,1.8,NA,NA
highway_8,faster_rcnn_resnet101,0.06,0.06,0.244371674,1.5,NA,NA
highway_8,faster_rcnn_resnet101,0.048,0.048,0.204039992,1.2,NA,NA
highway_8,faster_rcnn_resnet101,0.04,0.04,0.166841773,1,NA,NA
highway_9,faster_rcnn_resnet101,0.04,0.04,0.155540721,1,NA,NA
highway_9,faster_rcnn_inception_v2,0.021886792,0.04,0.131220177,1,NA,NA
highway_9,ssd_mobilenet_v2,0.011698113,0.04,0.097138665,1,NA,NA
highway_9,faster_rcnn_resnet101,0.8,0.8,0.989697574,20,NA,NA
highway_9,faster_rcnn_resnet101,0.6,0.6,0.981269683,15,NA,NA
highway_9,faster_rcnn_resnet101,0.4,0.4,0.913810316,10,NA,NA
highway_9,faster_rcnn_resnet101,0.2,0.2,0.616766467,5,NA,NA
highway_9,faster_rcnn_resnet101,0.16,0.16,0.517647059,4,NA,NA
highway_9,faster_rcnn_resnet101,0.12,0.12,0.413204139,3,NA,NA
highway_9,faster_rcnn_resnet101,0.1,0.1,0.348324069,2.5,NA,NA
highway_9,faster_rcnn_resnet101,0.08,0.08,0.290376851,2,NA,NA
highway_9,faster_rcnn_resnet101,0.072,0.072,0.264470895,1.8,NA,NA
highway_9,faster_rcnn_resnet101,0.06,0.06,0.223592406,1.5,NA,NA
highway_9,faster_rcnn_resnet101,0.048,0.048,0.182537068,1.2,NA,NA
highway_9,faster_rcnn_resnet101,0.04,0.04,0.155540721,1,NA,NA
highway_10,faster_rcnn_resnet101,0.04,0.04,0.163375224,1,NA,NA
highway_10,faster_rcnn_inception_v2,0.021886792,0.04,0.127994149,1,NA,NA
highway_10,ssd_mobilenet_v2,0.011698113,0.04,0.109556057,1,NA,NA
highway_10,faster_rcnn_resnet101,0.8,0.8,0.991288889,20,NA,NA
highway_10,faster_rcnn_resnet101,0.6,0.6,0.982418753,15,NA,NA
highway_10,faster_rcnn_resnet101,0.4,0.4,0.915555556,10,NA,NA
highway_10,faster_rcnn_resnet101,0.2,0.2,0.640571939,5,NA,NA
highway_10,faster_rcnn_resnet101,0.16,0.16,0.553349876,4,NA,NA
highway_10,faster_rcnn_resnet101,0.12,0.12,0.436305732,3,NA,NA
highway_10,faster_rcnn_resnet101,0.1,0.1,0.374820144,2.5,NA,NA
highway_10,faster_rcnn_resnet101,0.08,0.08,0.309819213,2,NA,NA
highway_10,faster_rcnn_resnet101,0.072,0.072,0.278192814,1.8,NA,NA
highway_10,faster_rcnn_resnet101,0.06,0.06,0.232235085,1.5,NA,NA
highway_10,faster_rcnn_resnet101,0.048,0.048,0.186519258,1.2,NA,NA
highway_10,faster_rcnn_resnet101,0.04,0.04,0.163375224,1,NA,NA
highway_11,faster_rcnn_resnet101,0.04,0.04,0.139534884,1,NA,NA
highway_11,faster_rcnn_inception_v2,0.021886792,0.04,0.124126172,1,NA,NA
highway_11,ssd_mobilenet_v2,0.011698113,0.04,0.11534439,1,NA,NA
highway_11,faster_rcnn_resnet101,0.8,0.8,0.987699468,20,NA,NA
highway_11,faster_rcnn_resnet101,0.6,0.6,0.980900183,15,NA,NA
highway_11,faster_rcnn_resnet101,0.4,0.4,0.909725686,10,NA,NA
highway_11,faster_rcnn_resnet101,0.2,0.2,0.589253036,5,NA,NA
highway_11,faster_rcnn_resnet101,0.16,0.16,0.491222204,4,NA,NA
highway_11,faster_rcnn_resnet101,0.12,0.12,0.391557254,3,NA,NA
highway_11,faster_rcnn_resnet101,0.1,0.1,0.33177414,2.5,NA,NA
highway_11,faster_rcnn_resnet101,0.08,0.08,0.273567468,2,NA,NA
highway_11,faster_rcnn_resnet101,0.072,0.072,0.252084028,1.8,NA,NA
highway_11,faster_rcnn_resnet101,0.06,0.06,0.206750367,1.5,NA,NA
highway_11,faster_rcnn_resnet101,0.048,0.048,0.170873786,1.2,NA,NA
highway_11,faster_rcnn_resnet101,0.04,0.04,0.139534884,1,NA,NA
highway_12,faster_rcnn_resnet101,0.04,0.04,0.189603413,1,NA,NA
highway_12,faster_rcnn_inception_v2,0.021886792,0.04,0.1616904,1,NA,NA
highway_12,ssd_mobilenet_v2,0.011698113,0.04,0.126934985,1,NA,NA
highway_12,faster_rcnn_resnet101,0.8,0.8,0.988289676,20,NA,NA
highway_12,faster_rcnn_resnet101,0.6,0.6,0.975894365,15,NA,NA
highway_12,faster_rcnn_resnet101,0.4,0.4,0.913218036,10,NA,NA
highway_12,faster_rcnn_resnet101,0.2,0.2,0.65735568,5,NA,NA
highway_12,faster_rcnn_resnet101,0.16,0.16,0.559852103,4,NA,NA
highway_12,faster_rcnn_resnet101,0.12,0.12,0.4524248,3,NA,NA
highway_12,faster_rcnn_resnet101,0.1,0.1,0.39441481,2.5,NA,NA
highway_12,faster_rcnn_resnet101,0.08,0.08,0.32999229,2,NA,NA
highway_12,faster_rcnn_resnet101,0.072,0.072,0.301018833,1.8,NA,NA
highway_12,faster_rcnn_resnet101,0.06,0.06,0.256731946,1.5,NA,NA
highway_12,faster_rcnn_resnet101,0.048,0.048,0.208859796,1.2,NA,NA
highway_12,faster_rcnn_resnet101,0.04,0.04,0.189603413,1,NA,NA
highway_13,faster_rcnn_resnet101,0.04,0.04,0.184478145,1,NA,NA
highway_13,faster_rcnn_inception_v2,0.021886792,0.04,0.14812398,1,NA,NA
highway_13,ssd_mobilenet_v2,0.011698113,0.04,0.113647725,1,NA,NA
highway_13,faster_rcnn_resnet101,0.8,0.8,0.988157436,20,NA,NA
highway_13,faster_rcnn_resnet101,0.6,0.6,0.98224234,15,NA,NA
highway_13,faster_rcnn_resnet101,0.4,0.4,0.921254355,10,NA,NA
highway_13,faster_rcnn_resnet101,0.2,0.2,0.681326353,5,NA,NA
highway_13,faster_rcnn_resnet101,0.16,0.16,0.585606194,4,NA,NA
highway_13,faster_rcnn_resnet101,0.12,0.12,0.483367983,3,NA,NA
highway_13,faster_rcnn_resnet101,0.1,0.1,0.416549296,2.5,NA,NA
highway_13,faster_rcnn_resnet101,0.08,0.08,0.350610295,2,NA,NA
highway_13,faster_rcnn_resnet101,0.072,0.072,0.322425078,1.8,NA,NA
highway_13,faster_rcnn_resnet101,0.06,0.06,0.268102101,1.5,NA,NA
highway_13,faster_rcnn_resnet101,0.048,0.048,0.21773913,1.2,NA,NA
highway_13,faster_rcnn_resnet101,0.04,0.04,0.184478145,1,NA,NA
highway_14,faster_rcnn_resnet101,0.04,0.04,0.238263814,1,NA,NA
highway_14,faster_rcnn_inception_v2,0.021886792,0.04,0.114485981,1,NA,NA
highway_14,ssd_mobilenet_v2,0.011698113,0.04,0.144578313,1,NA,NA
highway_14,faster_rcnn_resnet101,0.8,0.8,0.990126082,20,NA,NA
highway_14,faster_rcnn_resnet101,0.6,0.6,0.981023228,15,NA,NA
highway_14,faster_rcnn_resnet101,0.4,0.4,0.93785139,10,NA,NA
highway_14,faster_rcnn_resnet101,0.2,0.2,0.756338242,5,NA,NA
highway_14,faster_rcnn_resnet101,0.16,0.16,0.657338403,4,NA,NA
highway_14,faster_rcnn_resnet101,0.12,0.12,0.54561879,3,NA,NA
highway_14,faster_rcnn_resnet101,0.1,0.1,0.488807675,2.5,NA,NA
highway_14,faster_rcnn_resnet101,0.08,0.08,0.423059326,2,NA,NA
highway_14,faster_rcnn_resnet101,0.072,0.072,0.386783874,1.8,NA,NA
highway_14,faster_rcnn_resnet101,0.06,0.06,0.33958865,1.5,NA,NA
highway_14,faster_rcnn_resnet101,0.048,0.048,0.274071838,1.2,NA,NA
highway_14,faster_rcnn_resnet101,0.04,0.04,0.238263814,1,NA,NA
highway_15,faster_rcnn_resnet101,0.04,0.04,0.202389318,1,NA,NA
highway_15,faster_rcnn_inception_v2,0.021886792,0.04,0.159927188,1,NA,NA
highway_15,ssd_mobilenet_v2,0.011698113,0.04,0.150228433,1,NA,NA
highway_15,faster_rcnn_resnet101,0.8,0.8,0.990752596,20,NA,NA
highway_15,faster_rcnn_resnet101,0.6,0.6,0.978632479,15,NA,NA
highway_15,faster_rcnn_resnet101,0.4,0.4,0.940825036,10,NA,NA
highway_15,faster_rcnn_resnet101,0.2,0.2,0.801134752,5,NA,NA
highway_15,faster_rcnn_resnet101,0.16,0.16,0.687312687,4,NA,NA
highway_15,faster_rcnn_resnet101,0.12,0.12,0.54691305,3,NA,NA
highway_15,faster_rcnn_resnet101,0.1,0.1,0.461908127,2.5,NA,NA
highway_15,faster_rcnn_resnet101,0.08,0.08,0.3845604,2,NA,NA
highway_15,faster_rcnn_resnet101,0.072,0.072,0.352790797,1.8,NA,NA
highway_15,faster_rcnn_resnet101,0.06,0.06,0.292682927,1.5,NA,NA
highway_15,faster_rcnn_resnet101,0.048,0.048,0.237985612,1.2,NA,NA
highway_15,faster_rcnn_resnet101,0.04,0.04,0.202389318,1,NA,NA
highway_16,faster_rcnn_resnet101,0.04,0.04,0.233091787,1,NA,NA
highway_16,faster_rcnn_inception_v2,0.021886792,0.04,0.185481481,1,NA,NA
highway_16,ssd_mobilenet_v2,0.011698113,0.04,0.152507973,1,NA,NA
highway_16,faster_rcnn_resnet101,0.8,0.8,0.989452095,20,NA,NA
highway_16,faster_rcnn_resnet101,0.6,0.6,0.982773723,15,NA,NA
highway_16,faster_rcnn_resnet101,0.4,0.4,0.931768158,10,NA,NA
highway_16,faster_rcnn_resnet101,0.2,0.2,0.792491568,5,NA,NA
highway_16,faster_rcnn_resnet101,0.16,0.16,0.702646447,4,NA,NA
highway_16,faster_rcnn_resnet101,0.12,0.12,0.582252659,3,NA,NA
highway_16,faster_rcnn_resnet101,0.1,0.1,0.50617284,2.5,NA,NA
highway_16,faster_rcnn_resnet101,0.08,0.08,0.422242315,2,NA,NA
highway_16,faster_rcnn_resnet101,0.072,0.072,0.385898738,1.8,NA,NA
highway_16,faster_rcnn_resnet101,0.06,0.06,0.335119479,1.5,NA,NA
highway_16,faster_rcnn_resnet101,0.048,0.048,0.280256635,1.2,NA,NA
highway_16,faster_rcnn_resnet101,0.04,0.04,0.233091787,1,NA,NA
highway_17,faster_rcnn_resnet101,0.04,0.04,0.201148482,1,NA,NA
highway_17,faster_rcnn_inception_v2,0.021886792,0.04,0.169767078,1,NA,NA
highway_17,ssd_mobilenet_v2,0.011698113,0.04,0.118506751,1,NA,NA
highway_17,faster_rcnn_resnet101,0.8,0.8,0.990263368,20,NA,NA
highway_17,faster_rcnn_resnet101,0.6,0.6,0.983778626,15,NA,NA
highway_17,faster_rcnn_resnet101,0.4,0.4,0.935891287,10,NA,NA
highway_17,faster_rcnn_resnet101,0.2,0.2,0.741940658,5,NA,NA
highway_17,faster_rcnn_resnet101,0.16,0.16,0.639897616,4,NA,NA
highway_17,faster_rcnn_resnet101,0.12,0.12,0.527022705,3,NA,NA
highway_17,faster_rcnn_resnet101,0.1,0.1,0.460722892,2.5,NA,NA
highway_17,faster_rcnn_resnet101,0.08,0.08,0.385702681,2,NA,NA
highway_17,faster_rcnn_resnet101,0.072,0.072,0.357749135,1.8,NA,NA
highway_17,faster_rcnn_resnet101,0.06,0.06,0.301027668,1.5,NA,NA
highway_17,faster_rcnn_resnet101,0.048,0.048,0.253521127,1.2,NA,NA
highway_17,faster_rcnn_resnet101,0.04,0.04,0.201148482,1,NA,NA
highway_18,faster_rcnn_resnet101,0.04,0.04,0.187225605,1,NA,NA
highway_18,faster_rcnn_inception_v2,0.021886792,0.04,0.139027087,1,NA,NA
highway_18,ssd_mobilenet_v2,0.011698113,0.04,0.134950927,1,NA,NA
highway_18,faster_rcnn_resnet101,0.8,0.8,0.98951782,20,NA,NA
highway_18,faster_rcnn_resnet101,0.6,0.6,0.982097902,15,NA,NA
highway_18,faster_rcnn_resnet101,0.4,0.4,0.929569592,10,NA,NA
highway_18,faster_rcnn_resnet101,0.2,0.2,0.700252596,5,NA,NA
highway_18,faster_rcnn_resnet101,0.16,0.16,0.593304139,4,NA,NA
highway_18,faster_rcnn_resnet101,0.12,0.12,0.478849876,3,NA,NA
highway_18,faster_rcnn_resnet101,0.1,0.1,0.416290868,2.5,NA,NA
highway_18,faster_rcnn_resnet101,0.08,0.08,0.349443427,2,NA,NA
highway_18,faster_rcnn_resnet101,0.072,0.072,0.320354718,1.8,NA,NA
highway_18,faster_rcnn_resnet101,0.06,0.06,0.273324213,1.5,NA,NA
highway_18,faster_rcnn_resnet101,0.048,0.048,0.223326432,1.2,NA,NA
highway_18,faster_rcnn_resnet101,0.04,0.04,0.187225605,1,NA,NA
highway_19,faster_rcnn_resnet101,0.04,0.04,0.15903976,1,NA,NA
highway_19,faster_rcnn_inception_v2,0.021886792,0.04,0.139190166,1,NA,NA
highway_19,ssd_mobilenet_v2,0.011698113,0.04,0.109505186,1,NA,NA
highway_19,faster_rcnn_resnet101,0.8,0.8,0.991084165,20,NA,NA
highway_19,faster_rcnn_resnet101,0.6,0.6,0.983804947,15,NA,NA
highway_19,faster_rcnn_resnet101,0.4,0.4,0.926131282,10,NA,NA
highway_19,faster_rcnn_resnet101,0.2,0.2,0.663080509,5,NA,NA
highway_19,faster_rcnn_resnet101,0.16,0.16,0.549132948,4,NA,NA
highway_19,faster_rcnn_resnet101,0.12,0.12,0.440121364,3,NA,NA
highway_19,faster_rcnn_resnet101,0.1,0.1,0.375203915,2.5,NA,NA
highway_19,faster_rcnn_resnet101,0.08,0.08,0.303806735,2,NA,NA
highway_19,faster_rcnn_resnet101,0.072,0.072,0.294819299,1.8,NA,NA
highway_19,faster_rcnn_resnet101,0.06,0.06,0.250264364,1.5,NA,NA
highway_19,faster_rcnn_resnet101,0.048,0.048,0.195329087,1.2,NA,NA
highway_19,faster_rcnn_resnet101,0.04,0.04,0.15903976,1,NA,NA
highway_20,faster_rcnn_resnet101,0.04,0.04,0.156626506,1,NA,NA
highway_20,faster_rcnn_inception_v2,0.021886792,0.04,0.13402636,1,NA,NA
highway_20,ssd_mobilenet_v2,0.011698113,0.04,0.109058927,1,NA,NA
highway_20,faster_rcnn_resnet101,0.8,0.8,0.989146165,20,NA,NA
highway_20,faster_rcnn_resnet101,0.6,0.6,0.977446344,15,NA,NA
highway_20,faster_rcnn_resnet101,0.4,0.4,0.928545651,10,NA,NA
highway_20,faster_rcnn_resnet101,0.2,0.2,0.670281996,5,NA,NA
highway_20,faster_rcnn_resnet101,0.16,0.16,0.557431193,4,NA,NA
highway_20,faster_rcnn_resnet101,0.12,0.12,0.444728668,3,NA,NA
highway_20,faster_rcnn_resnet101,0.1,0.1,0.391988555,2.5,NA,NA
highway_20,faster_rcnn_resnet101,0.08,0.08,0.311997074,2,NA,NA
highway_20,faster_rcnn_resnet101,0.072,0.072,0.290676417,1.8,NA,NA
highway_20,faster_rcnn_resnet101,0.06,0.06,0.236818099,1.5,NA,NA
highway_20,faster_rcnn_resnet101,0.048,0.048,0.195228556,1.2,NA,NA
highway_20,faster_rcnn_resnet101,0.04,0.04,0.156626506,1,NA,NA
highway_21,faster_rcnn_resnet101,0.04,0.04,0.165233329,1,NA,NA
highway_21,faster_rcnn_inception_v2,0.021886792,0.04,0.139494834,1,NA,NA
highway_21,ssd_mobilenet_v2,0.011698113,0.04,0.115672605,1,NA,NA
highway_21,faster_rcnn_resnet101,0.8,0.8,0.988113991,20,NA,NA
highway_21,faster_rcnn_resnet101,0.6,0.6,0.980465384,15,NA,NA
highway_21,faster_rcnn_resnet101,0.4,0.4,0.920657613,10,NA,NA
highway_21,faster_rcnn_resnet101,0.2,0.2,0.634821047,5,NA,NA
highway_21,faster_rcnn_resnet101,0.16,0.16,0.552219509,4,NA,NA
highway_21,faster_rcnn_resnet101,0.12,0.12,0.442387124,3,NA,NA
highway_21,faster_rcnn_resnet101,0.1,0.1,0.383311975,2.5,NA,NA
highway_21,faster_rcnn_resnet101,0.08,0.08,0.316936756,2,NA,NA
highway_21,faster_rcnn_resnet101,0.072,0.072,0.290253328,1.8,NA,NA
highway_21,faster_rcnn_resnet101,0.06,0.06,0.24592009,1.5,NA,NA
highway_21,faster_rcnn_resnet101,0.048,0.048,0.198779425,1.2,NA,NA
highway_21,faster_rcnn_resnet101,0.04,0.04,0.165233329,1,NA,NA
highway_22,faster_rcnn_resnet101,0.04,0.04,0.129340893,1,NA,NA
highway_22,faster_rcnn_inception_v2,0.021886792,0.04,0.113636364,1,NA,NA
highway_22,ssd_mobilenet_v2,0.011698113,0.04,0.10191486,1,NA,NA
highway_22,faster_rcnn_resnet101,0.8,0.8,0.988087134,20,NA,NA
highway_22,faster_rcnn_resnet101,0.6,0.6,0.976704642,15,NA,NA
highway_22,faster_rcnn_resnet101,0.4,0.4,0.904907975,10,NA,NA
highway_22,faster_rcnn_resnet101,0.2,0.2,0.586949095,5,NA,NA
highway_22,faster_rcnn_resnet101,0.16,0.16,0.47247075,4,NA,NA
highway_22,faster_rcnn_resnet101,0.12,0.12,0.362930452,3,NA,NA
highway_22,faster_rcnn_resnet101,0.1,0.1,0.30627558,2.5,NA,NA
highway_22,faster_rcnn_resnet101,0.08,0.08,0.244250871,2,NA,NA
highway_22,faster_rcnn_resnet101,0.072,0.072,0.224551911,1.8,NA,NA
highway_22,faster_rcnn_resnet101,0.06,0.06,0.191925877,1.5,NA,NA
highway_22,faster_rcnn_resnet101,0.048,0.048,0.152270399,1.2,NA,NA
highway_22,faster_rcnn_resnet101,0.04,0.04,0.129340893,1,NA,NA
highway_23,faster_rcnn_resnet101,0.04,0.04,0.125494854,1,NA,NA
highway_23,faster_rcnn_inception_v2,0.021886792,0.04,0.079969094,1,NA,NA
highway_23,ssd_mobilenet_v2,0.011698113,0.04,0.084591143,1,NA,NA
highway_23,faster_rcnn_resnet101,0.8,0.8,0.98617686,20,NA,NA
highway_23,faster_rcnn_resnet101,0.6,0.6,0.980362538,15,NA,NA
highway_23,faster_rcnn_resnet101,0.4,0.4,0.887374598,10,NA,NA
highway_23,faster_rcnn_resnet101,0.2,0.2,0.554428927,5,NA,NA
highway_23,faster_rcnn_resnet101,0.16,0.16,0.460661345,4,NA,NA
highway_23,faster_rcnn_resnet101,0.12,0.12,0.357250188,3,NA,NA
highway_23,faster_rcnn_resnet101,0.1,0.1,0.306600153,2.5,NA,NA
highway_23,faster_rcnn_resnet101,0.08,0.08,0.243678161,2,NA,NA
highway_23,faster_rcnn_resnet101,0.072,0.072,0.230291627,1.8,NA,NA
highway_23,faster_rcnn_resnet101,0.06,0.06,0.186487996,1.5,NA,NA
highway_23,faster_rcnn_resnet101,0.048,0.048,0.157307549,1.2,NA,NA
highway_23,faster_rcnn_resnet101,0.04,0.04,0.125494854,1,NA,NA
highway_24,faster_rcnn_resnet101,0.04,0.04,0.125763747,1,NA,NA
highway_24,faster_rcnn_inception_v2,0.021886792,0.04,0.108818979,1,NA,NA
highway_24,ssd_mobilenet_v2,0.011698113,0.04,0.091411565,1,NA,NA
highway_24,faster_rcnn_resnet101,0.8,0.8,0.989867498,20,NA,NA
highway_24,faster_rcnn_resnet101,0.6,0.6,0.97704747,15,NA,NA
highway_24,faster_rcnn_resnet101,0.4,0.4,0.902824566,10,NA,NA
highway_24,faster_rcnn_resnet101,0.2,0.2,0.574098105,5,NA,NA
highway_24,faster_rcnn_resnet101,0.16,0.16,0.458508403,4,NA,NA
highway_24,faster_rcnn_resnet101,0.12,0.12,0.361375661,3,NA,NA
highway_24,faster_rcnn_resnet101,0.1,0.1,0.304033092,2.5,NA,NA
highway_24,faster_rcnn_resnet101,0.08,0.08,0.241007194,2,NA,NA
highway_24,faster_rcnn_resnet101,0.072,0.072,0.214651639,1.8,NA,NA
highway_24,faster_rcnn_resnet101,0.06,0.06,0.176939426,1.5,NA,NA
highway_24,faster_rcnn_resnet101,0.048,0.048,0.150234742,1.2,NA,NA
highway_24,faster_rcnn_resnet101,0.04,0.04,0.125763747,1,NA,NA
highway_25,faster_rcnn_resnet101,0.04,0.04,0.192756539,1,NA,NA
highway_25,faster_rcnn_inception_v2,0.021886792,0.04,0.144773176,1,NA,NA
highway_25,ssd_mobilenet_v2,0.011698113,0.04,0.109433222,1,NA,NA
highway_25,faster_rcnn_resnet101,0.8,0.8,0.987649322,20,NA,NA
highway_25,faster_rcnn_resnet101,0.6,0.6,0.976422764,15,NA,NA
highway_25,faster_rcnn_resnet101,0.4,0.4,0.915706489,10,NA,NA
highway_25,faster_rcnn_resnet101,0.2,0.2,0.675025278,5,NA,NA
highway_25,faster_rcnn_resnet101,0.16,0.16,0.598611678,4,NA,NA
highway_25,faster_rcnn_resnet101,0.12,0.12,0.496240602,3,NA,NA
highway_25,faster_rcnn_resnet101,0.1,0.1,0.441532258,2.5,NA,NA
highway_25,faster_rcnn_resnet101,0.08,0.08,0.376051262,2,NA,NA
highway_25,faster_rcnn_resnet101,0.072,0.072,0.346522782,1.8,NA,NA
highway_25,faster_rcnn_resnet101,0.06,0.06,0.283532811,1.5,NA,NA
highway_25,faster_rcnn_resnet101,0.048,0.048,0.235411671,1.2,NA,NA
highway_25,faster_rcnn_resnet101,0.04,0.04,0.192756539,1,NA,NA
highway_26,faster_rcnn_resnet101,0.04,0.04,0.127140511,1,NA,NA
highway_26,faster_rcnn_inception_v2,0.021886792,0.04,0.104219507,1,NA,NA
highway_26,ssd_mobilenet_v2,0.011698113,0.04,0.089625812,1,NA,NA
highway_26,faster_rcnn_resnet101,0.8,0.8,0.987816307,20,NA,NA
highway_26,faster_rcnn_resnet101,0.6,0.6,0.976352142,15,NA,NA
highway_26,faster_rcnn_resnet101,0.4,0.4,0.907598499,10,NA,NA
highway_26,faster_rcnn_resnet101,0.2,0.2,0.599812118,5,NA,NA
highway_26,faster_rcnn_resnet101,0.16,0.16,0.473969376,4,NA,NA
highway_26,faster_rcnn_resnet101,0.12,0.12,0.371448697,3,NA,NA
highway_26,faster_rcnn_resnet101,0.1,0.1,0.312146893,2.5,NA,NA
highway_26,faster_rcnn_resnet101,0.08,0.08,0.240622788,2,NA,NA
highway_26,faster_rcnn_resnet101,0.072,0.072,0.222325581,1.8,NA,NA
highway_26,faster_rcnn_resnet101,0.06,0.06,0.190520663,1.5,NA,NA
highway_26,faster_rcnn_resnet101,0.048,0.048,0.150547445,1.2,NA,NA
highway_26,faster_rcnn_resnet101,0.04,0.04,0.127140511,1,NA,NA
highway_27,faster_rcnn_resnet101,0.04,0.04,0.169477581,1,NA,NA
highway_27,faster_rcnn_inception_v2,0.021886792,0.04,0.151319892,1,NA,NA
highway_27,ssd_mobilenet_v2,0.011698113,0.04,0.109823295,1,NA,NA
highway_27,faster_rcnn_resnet101,0.8,0.8,0.987898346,20,NA,NA
highway_27,faster_rcnn_resnet101,0.6,0.6,0.979074447,15,NA,NA
highway_27,faster_rcnn_resnet101,0.4,0.4,0.923232323,10,NA,NA
highway_27,faster_rcnn_resnet101,0.2,0.2,0.646390916,5,NA,NA
highway_27,faster_rcnn_resnet101,0.16,0.16,0.551808208,4,NA,NA
highway_27,faster_rcnn_resnet101,0.12,0.12,0.452519574,3,NA,NA
highway_27,faster_rcnn_resnet101,0.1,0.1,0.387279725,2.5,NA,NA
highway_27,faster_rcnn_resnet101,0.08,0.08,0.326255615,2,NA,NA
highway_27,faster_rcnn_resnet101,0.072,0.072,0.285479227,1.8,NA,NA
highway_27,faster_rcnn_resnet101,0.06,0.06,0.242880391,1.5,NA,NA
highway_27,faster_rcnn_resnet101,0.048,0.048,0.195713708,1.2,NA,NA
highway_27,faster_rcnn_resnet101,0.04,0.04,0.169477581,1,NA,NA
highway_28,faster_rcnn_resnet101,0.04,0.04,0.170617883,1,NA,NA
highway_28,faster_rcnn_inception_v2,0.021886792,0.04,0.146563151,1,NA,NA
highway_28,ssd_mobilenet_v2,0.011698113,0.04,0.131542219,1,NA,NA
highway_28,faster_rcnn_resnet101,0.8,0.8,0.987690612,20,NA,NA
highway_28,faster_rcnn_resnet101,0.6,0.6,0.976369298,15,NA,NA
highway_28,faster_rcnn_resnet101,0.4,0.4,0.930977361,10,NA,NA
highway_28,faster_rcnn_resnet101,0.2,0.2,0.688203803,5,NA,NA
highway_28,faster_rcnn_resnet101,0.16,0.16,0.576503238,4,NA,NA
highway_28,faster_rcnn_resnet101,0.12,0.12,0.471389144,3,NA,NA
highway_28,faster_rcnn_resnet101,0.1,0.1,0.384214445,2.5,NA,NA
highway_28,faster_rcnn_resnet101,0.08,0.08,0.313608363,2,NA,NA
highway_28,faster_rcnn_resnet101,0.072,0.072,0.27695676,1.8,NA,NA
highway_28,faster_rcnn_resnet101,0.06,0.06,0.249403122,1.5,NA,NA
highway_28,faster_rcnn_resnet101,0.048,0.048,0.189360119,1.2,NA,NA
highway_28,faster_rcnn_resnet101,0.04,0.04,0.170617883,1,NA,NA
highway_29,faster_rcnn_resnet101,0.04,0.04,0.170798017,1,NA,NA
highway_29,faster_rcnn_inception_v2,0.021886792,0.04,0.152277795,1,NA,NA
highway_29,ssd_mobilenet_v2,0.011698113,0.04,0.113597777,1,NA,NA
highway_29,faster_rcnn_resnet101,0.8,0.8,0.98960499,20,NA,NA
highway_29,faster_rcnn_resnet101,0.6,0.6,0.980944756,15,NA,NA
highway_29,faster_rcnn_resnet101,0.4,0.4,0.930262316,10,NA,NA
highway_29,faster_rcnn_resnet101,0.2,0.2,0.689357622,5,NA,NA
highway_29,faster_rcnn_resnet101,0.16,0.16,0.571885495,4,NA,NA
highway_29,faster_rcnn_resnet101,0.12,0.12,0.46021093,3,NA,NA
highway_29,faster_rcnn_resnet101,0.1,0.1,0.392100193,2.5,NA,NA
highway_29,faster_rcnn_resnet101,0.08,0.08,0.325283864,2,NA,NA
highway_29,faster_rcnn_resnet101,0.072,0.072,0.295499022,1.8,NA,NA
highway_29,faster_rcnn_resnet101,0.06,0.06,0.255591054,1.5,NA,NA
highway_29,faster_rcnn_resnet101,0.048,0.048,0.195335277,1.2,NA,NA
highway_29,faster_rcnn_resnet101,0.04,0.04,0.170798017,1,NA,NA
highway_30,faster_rcnn_resnet101,0.04,0.04,0.15497314,1,NA,NA
highway_30,faster_rcnn_inception_v2,0.021886792,0.04,0.141982459,1,NA,NA
highway_30,ssd_mobilenet_v2,0.011698113,0.04,0.109068246,1,NA,NA
highway_30,faster_rcnn_resnet101,0.8,0.8,0.988464074,20,NA,NA
highway_30,faster_rcnn_resnet101,0.6,0.6,0.977280211,15,NA,NA
highway_30,faster_rcnn_resnet101,0.4,0.4,0.92649967,10,NA,NA
highway_30,faster_rcnn_resnet101,0.2,0.2,0.671390903,5,NA,NA
highway_30,faster_rcnn_resnet101,0.16,0.16,0.552462527,4,NA,NA
highway_30,faster_rcnn_resnet101,0.12,0.12,0.430693069,3,NA,NA
highway_30,faster_rcnn_resnet101,0.1,0.1,0.365541327,2.5,NA,NA
highway_30,faster_rcnn_resnet101,0.08,0.08,0.296162082,2,NA,NA
highway_30,faster_rcnn_resnet101,0.072,0.072,0.267925153,1.8,NA,NA
highway_30,faster_rcnn_resnet101,0.06,0.06,0.228543563,1.5,NA,NA
highway_30,faster_rcnn_resnet101,0.048,0.048,0.182091046,1.2,NA,NA
highway_30,faster_rcnn_resnet101,0.04,0.04,0.15497314,1,NA,NA
highway_31,faster_rcnn_resnet101,0.04,0.04,0.151393026,1,NA,NA
highway_31,faster_rcnn_inception_v2,0.021886792,0.04,0.12654321,1,NA,NA
highway_31,ssd_mobilenet_v2,0.011698113,0.04,0.106443462,1,NA,NA
highway_31,faster_rcnn_resnet101,0.8,0.8,0.9875235,20,NA,NA
highway_31,faster_rcnn_resnet101,0.6,0.6,0.981067713,15,NA,NA
highway_31,faster_rcnn_resnet101,0.4,0.4,0.924104848,10,NA,NA
highway_31,faster_rcnn_resnet101,0.2,0.2,0.671577865,5,NA,NA
highway_31,faster_rcnn_resnet101,0.16,0.16,0.568045306,4,NA,NA
highway_31,faster_rcnn_resnet101,0.12,0.12,0.435684647,3,NA,NA
highway_31,faster_rcnn_resnet101,0.1,0.1,0.363105462,2.5,NA,NA
highway_31,faster_rcnn_resnet101,0.08,0.08,0.297057287,2,NA,NA
highway_31,faster_rcnn_resnet101,0.072,0.072,0.270205479,1.8,NA,NA
highway_31,faster_rcnn_resnet101,0.06,0.06,0.227131515,1.5,NA,NA
highway_31,faster_rcnn_resnet101,0.048,0.048,0.183010934,1.2,NA,NA
highway_31,faster_rcnn_resnet101,0.04,0.04,0.151393026,1,NA,NA
highway_32,faster_rcnn_resnet101,0.04,0.04,0.134810711,1,NA,NA
highway_32,faster_rcnn_inception_v2,0.021886792,0.04,0.117938931,1,NA,NA
highway_32,ssd_mobilenet_v2,0.011698113,0.04,0.108117689,1,NA,NA
highway_32,faster_rcnn_resnet101,0.8,0.8,0.989136439,20,NA,NA
highway_32,faster_rcnn_resnet101,0.6,0.6,0.97896679,15,NA,NA
highway_32,faster_rcnn_resnet101,0.4,0.4,0.915547378,10,NA,NA
highway_32,faster_rcnn_resnet101,0.2,0.2,0.625847846,5,NA,NA
highway_32,faster_rcnn_resnet101,0.16,0.16,0.503416436,4,NA,NA
highway_32,faster_rcnn_resnet101,0.12,0.12,0.379840652,3,NA,NA
highway_32,faster_rcnn_resnet101,0.1,0.1,0.322497704,2.5,NA,NA
highway_32,faster_rcnn_resnet101,0.08,0.08,0.256126774,2,NA,NA
highway_32,faster_rcnn_resnet101,0.072,0.072,0.237262923,1.8,NA,NA
highway_32,faster_rcnn_resnet101,0.06,0.06,0.19252927,1.5,NA,NA
highway_32,faster_rcnn_resnet101,0.048,0.048,0.158918318,1.2,NA,NA
highway_32,faster_rcnn_resnet101,0.04,0.04,0.134810711,1,NA,NA
highway_33,faster_rcnn_resnet101,0.04,0.04,0.177652582,1,NA,NA
highway_33,faster_rcnn_inception_v2,0.021886792,0.04,0.148133971,1,NA,NA
highway_33,ssd_mobilenet_v2,0.011698113,0.04,0.122623067,1,NA,NA
highway_33,faster_rcnn_resnet101,0.8,0.8,0.989786444,20,NA,NA
highway_33,faster_rcnn_resnet101,0.6,0.6,0.980747871,15,NA,NA
highway_33,faster_rcnn_resnet101,0.4,0.4,0.93167008,10,NA,NA
highway_33,faster_rcnn_resnet101,0.2,0.2,0.695813953,5,NA,NA
highway_33,faster_rcnn_resnet101,0.16,0.16,0.589242509,4,NA,NA
highway_33,faster_rcnn_resnet101,0.12,0.12,0.460105897,3,NA,NA
highway_33,faster_rcnn_resnet101,0.1,0.1,0.389118199,2.5,NA,NA
highway_33,faster_rcnn_resnet101,0.08,0.08,0.329014085,2,NA,NA
highway_33,faster_rcnn_resnet101,0.072,0.072,0.29298893,1.8,NA,NA
highway_33,faster_rcnn_resnet101,0.06,0.06,0.250782545,1.5,NA,NA
highway_33,faster_rcnn_resnet101,0.048,0.048,0.211086637,1.2,NA,NA
highway_33,faster_rcnn_resnet101,0.04,0.04,0.177652582,1,NA,NA
highway_34,faster_rcnn_resnet101,0.04,0.04,0.184267241,1,NA,NA
highway_34,faster_rcnn_inception_v2,0.021886792,0.04,0.169391879,1,NA,NA
highway_34,ssd_mobilenet_v2,0.011698113,0.04,0.117360265,1,NA,NA
highway_34,faster_rcnn_resnet101,0.8,0.8,0.98994614,20,NA,NA
highway_34,faster_rcnn_resnet101,0.6,0.6,0.976735863,15,NA,NA
highway_34,faster_rcnn_resnet101,0.4,0.4,0.930023386,10,NA,NA
highway_34,faster_rcnn_resnet101,0.2,0.2,0.694208912,5,NA,NA
highway_34,faster_rcnn_resnet101,0.16,0.16,0.58512931,4,NA,NA
highway_34,faster_rcnn_resnet101,0.12,0.12,0.474383974,3,NA,NA
highway_34,faster_rcnn_resnet101,0.1,0.1,0.413930709,2.5,NA,NA
highway_34,faster_rcnn_resnet101,0.08,0.08,0.346953405,2,NA,NA
highway_34,faster_rcnn_resnet101,0.072,0.072,0.314382463,1.8,NA,NA
highway_34,faster_rcnn_resnet101,0.06,0.06,0.265486726,1.5,NA,NA
highway_34,faster_rcnn_resnet101,0.048,0.048,0.217344754,1.2,NA,NA
highway_34,faster_rcnn_resnet101,0.04,0.04,0.184267241,1,NA,NA
highway_35,faster_rcnn_resnet101,0.04,0.04,0.15563015,1,NA,NA
highway_35,faster_rcnn_inception_v2,0.021886792,0.04,0.131718395,1,NA,NA
highway_35,ssd_mobilenet_v2,0.011698113,0.04,0.117882118,1,NA,NA
highway_35,faster_rcnn_resnet101,0.8,0.8,0.992928698,20,NA,NA
highway_35,faster_rcnn_resnet101,0.6,0.6,0.981903781,15,NA,NA
highway_35,faster_rcnn_resnet101,0.4,0.4,0.933667453,10,NA,NA
highway_35,faster_rcnn_resnet101,0.2,0.2,0.707231041,5,NA,NA
highway_35,faster_rcnn_resnet101,0.16,0.16,0.581008902,4,NA,NA
highway_35,faster_rcnn_resnet101,0.12,0.12,0.449787421,3,NA,NA
highway_35,faster_rcnn_resnet101,0.1,0.1,0.379746835,2.5,NA,NA
highway_35,faster_rcnn_resnet101,0.08,0.08,0.306862451,2,NA,NA
highway_35,faster_rcnn_resnet101,0.072,0.072,0.277060134,1.8,NA,NA
highway_35,faster_rcnn_resnet101,0.06,0.06,0.233177297,1.5,NA,NA
highway_35,faster_rcnn_resnet101,0.048,0.048,0.179955457,1.2,NA,NA
highway_35,faster_rcnn_resnet101,0.04,0.04,0.15563015,1,NA,NA
highway_36,faster_rcnn_resnet101,0.04,0.04,0.167064439,1,NA,NA
highway_36,faster_rcnn_inception_v2,0.021886792,0.04,0.129245283,1,NA,NA
highway_36,ssd_mobilenet_v2,0.011698113,0.04,0.131088932,1,NA,NA
highway_36,faster_rcnn_resnet101,0.8,0.8,0.989816701,20,NA,NA
highway_36,faster_rcnn_resnet101,0.6,0.6,0.980012492,15,NA,NA
highway_36,faster_rcnn_resnet101,0.4,0.4,0.917097634,10,NA,NA
highway_36,faster_rcnn_resnet101,0.2,0.2,0.692682927,5,NA,NA
highway_36,faster_rcnn_resnet101,0.16,0.16,0.57717067,4,NA,NA
highway_36,faster_rcnn_resnet101,0.12,0.12,0.444167963,3,NA,NA
highway_36,faster_rcnn_resnet101,0.1,0.1,0.377777778,2.5,NA,NA
highway_36,faster_rcnn_resnet101,0.08,0.08,0.311659548,2,NA,NA
highway_36,faster_rcnn_resnet101,0.072,0.072,0.283966112,1.8,NA,NA
highway_36,faster_rcnn_resnet101,0.06,0.06,0.237357132,1.5,NA,NA
highway_36,faster_rcnn_resnet101,0.048,0.048,0.196442626,1.2,NA,NA
highway_36,faster_rcnn_resnet101,0.04,0.04,0.167064439,1,NA,NA
highway_37,faster_rcnn_resnet101,0.04,0.04,0.149457882,1,NA,NA
highway_37,faster_rcnn_inception_v2,0.021886792,0.04,0.128192453,1,NA,NA
highway_37,ssd_mobilenet_v2,0.011698113,0.04,0.119777601,1,NA,NA
highway_37,faster_rcnn_resnet101,0.8,0.8,0.987337662,20,NA,NA
highway_37,faster_rcnn_resnet101,0.6,0.6,0.97859228,15,NA,NA
highway_37,faster_rcnn_resnet101,0.4,0.4,0.928119422,10,NA,NA
highway_37,faster_rcnn_resnet101,0.2,0.2,0.694376528,5,NA,NA
highway_37,faster_rcnn_resnet101,0.16,0.16,0.577944291,4,NA,NA
highway_37,faster_rcnn_resnet101,0.12,0.12,0.441037351,3,NA,NA
highway_37,faster_rcnn_resnet101,0.1,0.1,0.36746888,2.5,NA,NA
highway_37,faster_rcnn_resnet101,0.08,0.08,0.294936916,2,NA,NA
highway_37,faster_rcnn_resnet101,0.072,0.072,0.268562924,1.8,NA,NA
highway_37,faster_rcnn_resnet101,0.06,0.06,0.234324499,1.5,NA,NA
highway_37,faster_rcnn_resnet101,0.048,0.048,0.177086743,1.2,NA,NA
highway_37,faster_rcnn_resnet101,0.04,0.04,0.149457882,1,NA,NA
highway_38,faster_rcnn_resnet101,0.04,0.04,0.164577079,1,NA,NA
highway_38,faster_rcnn_inception_v2,0.021886792,0.04,0.129966449,1,NA,NA
highway_38,ssd_mobilenet_v2,0.011698113,0.04,0.117314722,1,NA,NA
highway_38,faster_rcnn_resnet101,0.8,0.8,0.990102389,20,NA,NA
highway_38,faster_rcnn_resnet101,0.6,0.6,0.981917434,15,NA,NA
highway_38,faster_rcnn_resnet101,0.4,0.4,0.935995904,10,NA,NA
highway_38,faster_rcnn_resnet101,0.2,0.2,0.719835701,5,NA,NA
highway_38,faster_rcnn_resnet101,0.16,0.16,0.599827437,4,NA,NA
highway_38,faster_rcnn_resnet101,0.12,0.12,0.459505834,3,NA,NA
highway_38,faster_rcnn_resnet101,0.1,0.1,0.397043658,2.5,NA,NA
highway_38,faster_rcnn_resnet101,0.08,0.08,0.310837004,2,NA,NA
highway_38,faster_rcnn_resnet101,0.072,0.072,0.278520041,1.8,NA,NA
highway_38,faster_rcnn_resnet101,0.06,0.06,0.236438076,1.5,NA,NA
highway_38,faster_rcnn_resnet101,0.048,0.048,0.183772538,1.2,NA,NA
highway_38,faster_rcnn_resnet101,0.04,0.04,0.164577079,1,NA,NA
highway_39,faster_rcnn_resnet101,0.04,0.04,0.159975943,1,NA,NA
highway_39,faster_rcnn_inception_v2,0.021886792,0.04,0.138846966,1,NA,NA
highway_39,ssd_mobilenet_v2,0.011698113,0.04,0.111280277,1,NA,NA
highway_39,faster_rcnn_resnet101,0.8,0.8,0.990676336,20,NA,NA
highway_39,faster_rcnn_resnet101,0.6,0.6,0.981305638,15,NA,NA
highway_39,faster_rcnn_resnet101,0.4,0.4,0.919822485,10,NA,NA
highway_39,faster_rcnn_resnet101,0.2,0.2,0.679278747,5,NA,NA
highway_39,faster_rcnn_resnet101,0.16,0.16,0.57339931,4,NA,NA
highway_39,faster_rcnn_resnet101,0.12,0.12,0.442264824,3,NA,NA
highway_39,faster_rcnn_resnet101,0.1,0.1,0.374962831,2.5,NA,NA
highway_39,faster_rcnn_resnet101,0.08,0.08,0.306516854,2,NA,NA
highway_39,faster_rcnn_resnet101,0.072,0.072,0.283630952,1.8,NA,NA
highway_39,faster_rcnn_resnet101,0.06,0.06,0.234055177,1.5,NA,NA
highway_39,faster_rcnn_resnet101,0.048,0.048,0.196170839,1.2,NA,NA
highway_39,faster_rcnn_resnet101,0.04,0.04,0.159975943,1,NA,NA
highway_40,faster_rcnn_resnet101,0.04,0.04,0.163105413,1,NA,NA
highway_40,faster_rcnn_inception_v2,0.021886792,0.04,0.13524293,1,NA,NA
highway_40,ssd_mobilenet_v2,0.011698113,0.04,0.102192301,1,NA,NA
highway_40,faster_rcnn_resnet101,0.8,0.8,0.984283948,20,NA,NA
highway_40,faster_rcnn_resnet101,0.6,0.6,0.973762986,15,NA,NA
highway_40,faster_rcnn_resnet101,0.4,0.4,0.912758804,10,NA,NA
highway_40,faster_rcnn_resnet101,0.2,0.2,0.642869828,5,NA,NA
highway_40,faster_rcnn_resnet101,0.16,0.16,0.533545198,4,NA,NA
highway_40,faster_rcnn_resnet101,0.12,0.12,0.428120617,3,NA,NA
highway_40,faster_rcnn_resnet101,0.1,0.1,0.367434387,2.5,NA,NA
highway_40,faster_rcnn_resnet101,0.08,0.08,0.30212766,2,NA,NA
highway_40,faster_rcnn_resnet101,0.072,0.072,0.27740571,1.8,NA,NA
highway_40,faster_rcnn_resnet101,0.06,0.06,0.24226625,1.5,NA,NA
highway_40,faster_rcnn_resnet101,0.048,0.048,0.191416771,1.2,NA,NA
highway_40,faster_rcnn_resnet101,0.04,0.04,0.163105413,1,NA,NA
highway_41,faster_rcnn_resnet101,0.04,0.04,0.147526882,1,NA,NA
highway_41,faster_rcnn_inception_v2,0.021886792,0.04,0.131027027,1,NA,NA
highway_41,ssd_mobilenet_v2,0.011698113,0.04,0.116762319,1,NA,NA
highway_41,faster_rcnn_resnet101,0.8,0.8,0.990817852,20,NA,NA
highway_41,faster_rcnn_resnet101,0.6,0.6,0.982306544,15,NA,NA
highway_41,faster_rcnn_resnet101,0.4,0.4,0.935897436,10,NA,NA
highway_41,faster_rcnn_resnet101,0.2,0.2,0.664239829,5,NA,NA
highway_41,faster_rcnn_resnet101,0.16,0.16,0.535972754,4,NA,NA
highway_41,faster_rcnn_resnet101,0.12,0.12,0.420582607,3,NA,NA
highway_41,faster_rcnn_resnet101,0.1,0.1,0.352564103,2.5,NA,NA
highway_41,faster_rcnn_resnet101,0.08,0.08,0.282673478,2,NA,NA
highway_41,faster_rcnn_resnet101,0.072,0.072,0.264699501,1.8,NA,NA
highway_41,faster_rcnn_resnet101,0.06,0.06,0.22278588,1.5,NA,NA
highway_41,faster_rcnn_resnet101,0.048,0.048,0.187634178,1.2,NA,NA
highway_41,faster_rcnn_resnet101,0.04,0.04,0.147526882,1,NA,NA
highway_42,faster_rcnn_resnet101,0.04,0.04,0.172378412,1,NA,NA
highway_42,faster_rcnn_inception_v2,0.021886792,0.04,0.156301824,1,NA,NA
highway_42,ssd_mobilenet_v2,0.011698113,0.04,0.140637141,1,NA,NA
highway_42,faster_rcnn_resnet101,0.8,0.8,0.988510301,20,NA,NA
highway_42,faster_rcnn_resnet101,0.6,0.6,0.976734937,15,NA,NA
highway_42,faster_rcnn_resnet101,0.4,0.4,0.928726555,10,NA,NA
highway_42,faster_rcnn_resnet101,0.2,0.2,0.662427975,5,NA,NA
highway_42,faster_rcnn_resnet101,0.16,0.16,0.563036963,4,NA,NA
highway_42,faster_rcnn_resnet101,0.12,0.12,0.461108895,3,NA,NA
highway_42,faster_rcnn_resnet101,0.1,0.1,0.404116367,2.5,NA,NA
highway_42,faster_rcnn_resnet101,0.08,0.08,0.335675567,2,NA,NA
highway_42,faster_rcnn_resnet101,0.072,0.072,0.31225605,1.8,NA,NA
highway_42,faster_rcnn_resnet101,0.06,0.06,0.26085225,1.5,NA,NA
highway_42,faster_rcnn_resnet101,0.048,0.048,0.211610858,1.2,NA,NA
highway_42,faster_rcnn_resnet101,0.04,0.04,0.172378412,1,NA,NA
highway_43,faster_rcnn_resnet101,0.04,0.04,0.167292861,1,NA,NA
highway_43,faster_rcnn_inception_v2,0.021886792,0.04,0.125823847,1,NA,NA
highway_43,ssd_mobilenet_v2,0.011698113,0.04,0.119689025,1,NA,NA
highway_43,faster_rcnn_resnet101,0.8,0.8,0.990405326,20,NA,NA
highway_43,faster_rcnn_resnet101,0.6,0.6,0.980969198,15,NA,NA
highway_43,faster_rcnn_resnet101,0.4,0.4,0.937084799,10,NA,NA
highway_43,faster_rcnn_resnet101,0.2,0.2,0.684663537,5,NA,NA
highway_43,faster_rcnn_resnet101,0.16,0.16,0.571541035,4,NA,NA
highway_43,faster_rcnn_resnet101,0.12,0.12,0.445348837,3,NA,NA
highway_43,faster_rcnn_resnet101,0.1,0.1,0.387311533,2.5,NA,NA
highway_43,faster_rcnn_resnet101,0.08,0.08,0.324739225,2,NA,NA
highway_43,faster_rcnn_resnet101,0.072,0.072,0.291424137,1.8,NA,NA
highway_43,faster_rcnn_resnet101,0.06,0.06,0.242203941,1.5,NA,NA
highway_43,faster_rcnn_resnet101,0.048,0.048,0.191443641,1.2,NA,NA
highway_43,faster_rcnn_resnet101,0.04,0.04,0.167292861,1,NA,NA
highway_44,faster_rcnn_resnet101,0.04,0.04,0.179016005,1,NA,NA
highway_44,faster_rcnn_inception_v2,0.021886792,0.04,0.146401985,1,NA,NA
highway_44,ssd_mobilenet_v2,0.011698113,0.04,0.136520154,1,NA,NA
highway_44,faster_rcnn_resnet101,0.8,0.8,0.990947495,20,NA,NA
highway_44,faster_rcnn_resnet101,0.6,0.6,0.977231513,15,NA,NA
highway_44,faster_rcnn_resnet101,0.4,0.4,0.935023134,10,NA,NA
highway_44,faster_rcnn_resnet101,0.2,0.2,0.723301943,5,NA,NA
highway_44,faster_rcnn_resnet101,0.16,0.16,0.598761734,4,NA,NA
highway_44,faster_rcnn_resnet101,0.12,0.12,0.475419786,3,NA,NA
highway_44,faster_rcnn_resnet101,0.1,0.1,0.414418043,2.5,NA,NA
highway_44,faster_rcnn_resnet101,0.08,0.08,0.337921404,2,NA,NA
highway_44,faster_rcnn_resnet101,0.072,0.072,0.307288512,1.8,NA,NA
highway_44,faster_rcnn_resnet101,0.06,0.06,0.259153784,1.5,NA,NA
highway_44,faster_rcnn_resnet101,0.048,0.048,0.209187859,1.2,NA,NA
highway_44,faster_rcnn_resnet101,0.04,0.04,0.179016005,1,NA,NA
highway_45,faster_rcnn_resnet101,0.04,0.04,0.16128423,1,NA,NA
highway_45,faster_rcnn_inception_v2,0.021886792,0.04,0.129740135,1,NA,NA
highway_45,ssd_mobilenet_v2,0.011698113,0.04,0.123990165,1,NA,NA
highway_45,faster_rcnn_resnet101,0.8,0.8,0.990334572,20,NA,NA
highway_45,faster_rcnn_resnet101,0.6,0.6,0.978091348,15,NA,NA
highway_45,faster_rcnn_resnet101,0.4,0.4,0.924566958,10,NA,NA
highway_45,faster_rcnn_resnet101,0.2,0.2,0.669151911,5,NA,NA
highway_45,faster_rcnn_resnet101,0.16,0.16,0.552498596,4,NA,NA
highway_45,faster_rcnn_resnet101,0.12,0.12,0.436699322,3,NA,NA
highway_45,faster_rcnn_resnet101,0.1,0.1,0.368450704,2.5,NA,NA
highway_45,faster_rcnn_resnet101,0.08,0.08,0.303574771,2,NA,NA
highway_45,faster_rcnn_resnet101,0.072,0.072,0.273952096,1.8,NA,NA
highway_45,faster_rcnn_resnet101,0.06,0.06,0.237467018,1.5,NA,NA
highway_45,faster_rcnn_resnet101,0.048,0.048,0.189598925,1.2,NA,NA
highway_45,faster_rcnn_resnet101,0.04,0.04,0.16128423,1,NA,NA
highway_46,faster_rcnn_resnet101,0.04,0.04,0.180806676,1,NA,NA
highway_46,faster_rcnn_inception_v2,0.021886792,0.04,0.157839355,1,NA,NA
highway_46,ssd_mobilenet_v2,0.011698113,0.04,0.125606993,1,NA,NA
highway_46,faster_rcnn_resnet101,0.8,0.8,0.98913231,20,NA,NA
highway_46,faster_rcnn_resnet101,0.6,0.6,0.981868417,15,NA,NA
highway_46,faster_rcnn_resnet101,0.4,0.4,0.930248619,10,NA,NA
highway_46,faster_rcnn_resnet101,0.2,0.2,0.70269337,5,NA,NA
highway_46,faster_rcnn_resnet101,0.16,0.16,0.59664453,4,NA,NA
highway_46,faster_rcnn_resnet101,0.12,0.12,0.46741573,3,NA,NA
highway_46,faster_rcnn_resnet101,0.1,0.1,0.398125651,2.5,NA,NA
highway_46,faster_rcnn_resnet101,0.08,0.08,0.337612769,2,NA,NA
highway_46,faster_rcnn_resnet101,0.072,0.072,0.307293467,1.8,NA,NA
highway_46,faster_rcnn_resnet101,0.06,0.06,0.253731343,1.5,NA,NA
highway_46,faster_rcnn_resnet101,0.048,0.048,0.211169284,1.2,NA,NA
highway_46,faster_rcnn_resnet101,0.04,0.04,0.180806676,1,NA,NA
highway_47,faster_rcnn_resnet101,0.04,0.04,0.21602132,1,NA,NA
highway_47,faster_rcnn_inception_v2,0.021886792,0.04,0.196324952,1,NA,NA
highway_47,ssd_mobilenet_v2,0.011698113,0.04,0.162608824,1,NA,NA
highway_47,faster_rcnn_resnet101,0.8,0.8,0.989428528,20,NA,NA
highway_47,faster_rcnn_resnet101,0.6,0.6,0.979093545,15,NA,NA
highway_47,faster_rcnn_resnet101,0.4,0.4,0.937183228,10,NA,NA
highway_47,faster_rcnn_resnet101,0.2,0.2,0.779749961,5,NA,NA
highway_47,faster_rcnn_resnet101,0.16,0.16,0.674264593,4,NA,NA
highway_47,faster_rcnn_resnet101,0.12,0.12,0.555251142,3,NA,NA
highway_47,faster_rcnn_resnet101,0.1,0.1,0.487498083,2.5,NA,NA
highway_47,faster_rcnn_resnet101,0.08,0.08,0.403397683,2,NA,NA
highway_47,faster_rcnn_resnet101,0.072,0.072,0.372891751,1.8,NA,NA
highway_47,faster_rcnn_resnet101,0.06,0.06,0.315599639,1.5,NA,NA
highway_47,faster_rcnn_resnet101,0.048,0.048,0.257348343,1.2,NA,NA
highway_47,faster_rcnn_resnet101,0.04,0.04,0.21602132,1,NA,NA
highway_48,faster_rcnn_resnet101,0.04,0.04,0.259656652,1,NA,NA
highway_48,faster_rcnn_inception_v2,0.021886792,0.04,0.203794038,1,NA,NA
highway_48,ssd_mobilenet_v2,0.011698113,0.04,0.165321531,1,NA,NA
highway_48,faster_rcnn_resnet101,0.8,0.8,0.986936817,20,NA,NA
highway_48,faster_rcnn_resnet101,0.6,0.6,0.974017322,15,NA,NA
highway_48,faster_rcnn_resnet101,0.4,0.4,0.9296,10,NA,NA
highway_48,faster_rcnn_resnet101,0.2,0.2,0.800964372,5,NA,NA
highway_48,faster_rcnn_resnet101,0.16,0.16,0.710805085,4,NA,NA
highway_48,faster_rcnn_resnet101,0.12,0.12,0.594185583,3,NA,NA
highway_48,faster_rcnn_resnet101,0.1,0.1,0.528838343,2.5,NA,NA
highway_48,faster_rcnn_resnet101,0.08,0.08,0.455314648,2,NA,NA
highway_48,faster_rcnn_resnet101,0.072,0.072,0.431876607,1.8,NA,NA
highway_48,faster_rcnn_resnet101,0.06,0.06,0.374518912,1.5,NA,NA
highway_48,faster_rcnn_resnet101,0.048,0.048,0.311004785,1.2,NA,NA
highway_48,faster_rcnn_resnet101,0.04,0.04,0.259656652,1,NA,NA
highway_49,faster_rcnn_resnet101,0.04,0.04,0.219313106,1,NA,NA
highway_49,faster_rcnn_inception_v2,0.021886792,0.04,0.188643829,1,NA,NA
highway_49,ssd_mobilenet_v2,0.011698113,0.04,0.150778816,1,NA,NA
highway_49,faster_rcnn_resnet101,0.8,0.8,0.9885562,20,NA,NA
highway_49,faster_rcnn_resnet101,0.6,0.6,0.982747804,15,NA,NA
highway_49,faster_rcnn_resnet101,0.4,0.4,0.937931034,10,NA,NA
highway_49,faster_rcnn_resnet101,0.2,0.2,0.799624883,5,NA,NA
highway_49,faster_rcnn_resnet101,0.16,0.16,0.705845674,4,NA,NA
highway_49,faster_rcnn_resnet101,0.12,0.12,0.578489276,3,NA,NA
highway_49,faster_rcnn_resnet101,0.1,0.1,0.490849366,2.5,NA,NA
highway_49,faster_rcnn_resnet101,0.08,0.08,0.406615697,2,NA,NA
highway_49,faster_rcnn_resnet101,0.072,0.072,0.384937238,1.8,NA,NA
highway_49,faster_rcnn_resnet101,0.06,0.06,0.328297773,1.5,NA,NA
highway_49,faster_rcnn_resnet101,0.048,0.048,0.271699267,1.2,NA,NA
highway_49,faster_rcnn_resnet101,0.04,0.04,0.219313106,1,NA,NA
highway_50,faster_rcnn_resnet101,0.04,0.04,0.154608887,1,NA,NA
highway_50,faster_rcnn_inception_v2,0.021886792,0.04,0.122157489,1,NA,NA
highway_50,ssd_mobilenet_v2,0.011698113,0.04,0.12379936,1,NA,NA
highway_50,faster_rcnn_resnet101,0.8,0.8,0.987771491,20,NA,NA
highway_50,faster_rcnn_resnet101,0.6,0.6,0.985417426,15,NA,NA
highway_50,faster_rcnn_resnet101,0.4,0.4,0.927096656,10,NA,NA
highway_50,faster_rcnn_resnet101,0.2,0.2,0.71342245,5,NA,NA
highway_50,faster_rcnn_resnet101,0.16,0.16,0.589650146,4,NA,NA
highway_50,faster_rcnn_resnet101,0.12,0.12,0.451965066,3,NA,NA
highway_50,faster_rcnn_resnet101,0.1,0.1,0.378916329,2.5,NA,NA
highway_50,faster_rcnn_resnet101,0.08,0.08,0.300762804,2,NA,NA
highway_50,faster_rcnn_resnet101,0.072,0.072,0.279366236,1.8,NA,NA
highway_50,faster_rcnn_resnet101,0.06,0.06,0.23127997,1.5,NA,NA
highway_50,faster_rcnn_resnet101,0.048,0.048,0.189404935,1.2,NA,NA
highway_50,faster_rcnn_resnet101,0.04,0.04,0.154608887,1,NA,NA
highway_51,faster_rcnn_resnet101,0.04,0.04,0.165602898,1,NA,NA
highway_51,faster_rcnn_inception_v2,0.021886792,0.04,0.14498859,1,NA,NA
highway_51,ssd_mobilenet_v2,0.011698113,0.04,0.131470308,1,NA,NA
highway_51,faster_rcnn_resnet101,0.8,0.8,0.989991518,20,NA,NA
highway_51,faster_rcnn_resnet101,0.6,0.6,0.980765957,15,NA,NA
highway_51,faster_rcnn_resnet101,0.4,0.4,0.934259573,10,NA,NA
highway_51,faster_rcnn_resnet101,0.2,0.2,0.730938665,5,NA,NA
highway_51,faster_rcnn_resnet101,0.16,0.16,0.613173653,4,NA,NA
highway_51,faster_rcnn_resnet101,0.12,0.12,0.478021978,3,NA,NA
highway_51,faster_rcnn_resnet101,0.1,0.1,0.399521122,2.5,NA,NA
highway_51,faster_rcnn_resnet101,0.08,0.08,0.318712955,2,NA,NA
highway_51,faster_rcnn_resnet101,0.072,0.072,0.290915277,1.8,NA,NA
highway_51,faster_rcnn_resnet101,0.06,0.06,0.24124245,1.5,NA,NA
highway_51,faster_rcnn_resnet101,0.048,0.048,0.191005383,1.2,NA,NA
highway_51,faster_rcnn_resnet101,0.04,0.04,0.165602898,1,NA,NA
highway_52,faster_rcnn_resnet101,0.04,0.04,0.161494943,1,NA,NA
highway_52,faster_rcnn_inception_v2,0.021886792,0.04,0.137440758,1,NA,NA
highway_52,ssd_mobilenet_v2,0.011698113,0.04,0.137416446,1,NA,NA
highway_52,faster_rcnn_resnet101,0.8,0.8,0.991763322,20,NA,NA
highway_52,faster_rcnn_resnet101,0.6,0.6,0.977196512,15,NA,NA
highway_52,faster_rcnn_resnet101,0.4,0.4,0.924941097,10,NA,NA
highway_52,faster_rcnn_resnet101,0.2,0.2,0.679016504,5,NA,NA
highway_52,faster_rcnn_resnet101,0.16,0.16,0.560971496,4,NA,NA
highway_52,faster_rcnn_resnet101,0.12,0.12,0.429561982,3,NA,NA
highway_52,faster_rcnn_resnet101,0.1,0.1,0.36760969,2.5,NA,NA
highway_52,faster_rcnn_resnet101,0.08,0.08,0.297980655,2,NA,NA
highway_52,faster_rcnn_resnet101,0.072,0.072,0.273584906,1.8,NA,NA
highway_52,faster_rcnn_resnet101,0.06,0.06,0.222778056,1.5,NA,NA
highway_52,faster_rcnn_resnet101,0.048,0.048,0.184030672,1.2,NA,NA
highway_52,faster_rcnn_resnet101,0.04,0.04,0.161494943,1,NA,NA
highway_53,faster_rcnn_resnet101,0.04,0.04,0.187664042,1,NA,NA
highway_53,faster_rcnn_inception_v2,0.021886792,0.04,0.153433836,1,NA,NA
highway_53,ssd_mobilenet_v2,0.011698113,0.04,0.130933913,1,NA,NA
highway_53,faster_rcnn_resnet101,0.8,0.8,0.989243807,20,NA,NA
highway_53,faster_rcnn_resnet101,0.6,0.6,0.98007838,15,NA,NA
highway_53,faster_rcnn_resnet101,0.4,0.4,0.928489982,10,NA,NA
highway_53,faster_rcnn_resnet101,0.2,0.2,0.720729523,5,NA,NA
highway_53,faster_rcnn_resnet101,0.16,0.16,0.612955729,4,NA,NA
highway_53,faster_rcnn_resnet101,0.12,0.12,0.485388806,3,NA,NA
highway_53,faster_rcnn_resnet101,0.1,0.1,0.424321249,2.5,NA,NA
highway_53,faster_rcnn_resnet101,0.08,0.08,0.346653671,2,NA,NA
highway_53,faster_rcnn_resnet101,0.072,0.072,0.326083454,1.8,NA,NA
highway_53,faster_rcnn_resnet101,0.06,0.06,0.275189235,1.5,NA,NA
highway_53,faster_rcnn_resnet101,0.048,0.048,0.221640203,1.2,NA,NA
highway_53,faster_rcnn_resnet101,0.04,0.04,0.187664042,1,NA,NA
highway_54,faster_rcnn_resnet101,0.04,0.04,0.160253207,1,NA,NA
highway_54,faster_rcnn_inception_v2,0.021886792,0.04,0.124087591,1,NA,NA
highway_54,ssd_mobilenet_v2,0.011698113,0.04,0.114870181,1,NA,NA
highway_54,faster_rcnn_resnet101,0.8,0.8,0.988925081,20,NA,NA
highway_54,faster_rcnn_resnet101,0.6,0.6,0.97948551,15,NA,NA
highway_54,faster_rcnn_resnet101,0.4,0.4,0.925557908,10,NA,NA
highway_54,faster_rcnn_resnet101,0.2,0.2,0.668728634,5,NA,NA
highway_54,faster_rcnn_resnet101,0.16,0.16,0.552324626,4,NA,NA
highway_54,faster_rcnn_resnet101,0.12,0.12,0.429082628,3,NA,NA
highway_54,faster_rcnn_resnet101,0.1,0.1,0.377284595,2.5,NA,NA
highway_54,faster_rcnn_resnet101,0.08,0.08,0.30090535,2,NA,NA
highway_54,faster_rcnn_resnet101,0.072,0.072,0.27643577,1.8,NA,NA
highway_54,faster_rcnn_resnet101,0.06,0.06,0.225732899,1.5,NA,NA
highway_54,faster_rcnn_resnet101,0.048,0.048,0.183650252,1.2,NA,NA
highway_54,faster_rcnn_resnet101,0.04,0.04,0.160253207,1,NA,NA
highway_55,faster_rcnn_resnet101,0.04,0.04,0.173528411,1,NA,NA
highway_55,faster_rcnn_inception_v2,0.021886792,0.04,0.131293189,1,NA,NA
highway_55,ssd_mobilenet_v2,0.011698113,0.04,0.137675567,1,NA,NA
highway_55,faster_rcnn_resnet101,0.8,0.8,0.989484226,20,NA,NA
highway_55,faster_rcnn_resnet101,0.6,0.6,0.981558398,15,NA,NA
highway_55,faster_rcnn_resnet101,0.4,0.4,0.928535565,10,NA,NA
highway_55,faster_rcnn_resnet101,0.2,0.2,0.694123556,5,NA,NA
highway_55,faster_rcnn_resnet101,0.16,0.16,0.585365854,4,NA,NA
highway_55,faster_rcnn_resnet101,0.12,0.12,0.474079013,3,NA,NA
highway_55,faster_rcnn_resnet101,0.1,0.1,0.408854603,2.5,NA,NA
highway_55,faster_rcnn_resnet101,0.08,0.08,0.334467506,2,NA,NA
highway_55,faster_rcnn_resnet101,0.072,0.072,0.307331771,1.8,NA,NA
highway_55,faster_rcnn_resnet101,0.06,0.06,0.260121457,1.5,NA,NA
highway_55,faster_rcnn_resnet101,0.048,0.048,0.21033272,1.2,NA,NA
highway_55,faster_rcnn_resnet101,0.04,0.04,0.173528411,1,NA,NA
highway_56,faster_rcnn_resnet101,0.04,0.04,0.224952225,1,NA,NA
highway_56,faster_rcnn_inception_v2,0.021886792,0.04,0.163381081,1,NA,NA
highway_56,ssd_mobilenet_v2,0.011698113,0.04,0.131275168,1,NA,NA
highway_56,faster_rcnn_resnet101,0.8,0.8,0.989297475,20,NA,NA
highway_56,faster_rcnn_resnet101,0.6,0.6,0.983143758,15,NA,NA
highway_56,faster_rcnn_resnet101,0.4,0.4,0.933937646,10,NA,NA
highway_56,faster_rcnn_resnet101,0.2,0.2,0.776234356,5,NA,NA
highway_56,faster_rcnn_resnet101,0.16,0.16,0.675956284,4,NA,NA
highway_56,faster_rcnn_resnet101,0.12,0.12,0.552591569,3,NA,NA
highway_56,faster_rcnn_resnet101,0.1,0.1,0.470361711,2.5,NA,NA
highway_56,faster_rcnn_resnet101,0.08,0.08,0.402355519,2,NA,NA
highway_56,faster_rcnn_resnet101,0.072,0.072,0.364128962,1.8,NA,NA
highway_56,faster_rcnn_resnet101,0.06,0.06,0.321542516,1.5,NA,NA
highway_56,faster_rcnn_resnet101,0.048,0.048,0.258836627,1.2,NA,NA
highway_56,faster_rcnn_resnet101,0.04,0.04,0.224952225,1,NA,NA
highway_57,faster_rcnn_resnet101,0.04,0.04,0.215975422,1,NA,NA
highway_57,faster_rcnn_inception_v2,0.021886792,0.04,0.184946237,1,NA,NA
highway_57,ssd_mobilenet_v2,0.011698113,0.04,0.173170732,1,NA,NA
highway_57,faster_rcnn_resnet101,0.8,0.8,0.98664238,20,NA,NA
highway_57,faster_rcnn_resnet101,0.6,0.6,0.97881997,15,NA,NA
highway_57,faster_rcnn_resnet101,0.4,0.4,0.928810465,10,NA,NA
highway_57,faster_rcnn_resnet101,0.2,0.2,0.782039574,5,NA,NA
highway_57,faster_rcnn_resnet101,0.16,0.16,0.693455099,4,NA,NA
highway_57,faster_rcnn_resnet101,0.12,0.12,0.574988604,3,NA,NA
highway_57,faster_rcnn_resnet101,0.1,0.1,0.499082569,2.5,NA,NA
highway_57,faster_rcnn_resnet101,0.08,0.08,0.413382218,2,NA,NA
highway_57,faster_rcnn_resnet101,0.072,0.072,0.37670081,1.8,NA,NA
highway_57,faster_rcnn_resnet101,0.06,0.06,0.329693987,1.5,NA,NA
highway_57,faster_rcnn_resnet101,0.048,0.048,0.254160834,1.2,NA,NA
highway_57,faster_rcnn_resnet101,0.04,0.04,0.215975422,1,NA,NA
highway_58,faster_rcnn_resnet101,0.04,0.04,0.212559004,1,NA,NA
highway_58,faster_rcnn_inception_v2,0.021886792,0.04,0.180017227,1,NA,NA
highway_58,ssd_mobilenet_v2,0.011698113,0.04,0.148520085,1,NA,NA
highway_58,faster_rcnn_resnet101,0.8,0.8,0.990021082,20,NA,NA
highway_58,faster_rcnn_resnet101,0.6,0.6,0.979649123,15,NA,NA
highway_58,faster_rcnn_resnet101,0.4,0.4,0.936260025,10,NA,NA
highway_58,faster_rcnn_resnet101,0.2,0.2,0.756073585,5,NA,NA
highway_58,faster_rcnn_resnet101,0.16,0.16,0.656720619,4,NA,NA
highway_58,faster_rcnn_resnet101,0.12,0.12,0.533465123,3,NA,NA
highway_58,faster_rcnn_resnet101,0.1,0.1,0.458965711,2.5,NA,NA
highway_58,faster_rcnn_resnet101,0.08,0.08,0.391040992,2,NA,NA
highway_58,faster_rcnn_resnet101,0.072,0.072,0.357939308,1.8,NA,NA
highway_58,faster_rcnn_resnet101,0.06,0.06,0.30524687,1.5,NA,NA
highway_58,faster_rcnn_resnet101,0.048,0.048,0.246280289,1.2,NA,NA
highway_58,faster_rcnn_resnet101,0.04,0.04,0.212559004,1,NA,NA
highway_59,faster_rcnn_resnet101,0.04,0.04,0.164898617,1,NA,NA
highway_59,faster_rcnn_inception_v2,0.021886792,0.04,0.11678236,1,NA,NA
highway_59,ssd_mobilenet_v2,0.011698113,0.04,0.10929495,1,NA,NA
highway_59,faster_rcnn_resnet101,0.8,0.8,0.98915227,20,NA,NA
highway_59,faster_rcnn_resnet101,0.6,0.6,0.981086841,15,NA,NA
highway_59,faster_rcnn_resnet101,0.4,0.4,0.917517464,10,NA,NA
highway_59,faster_rcnn_resnet101,0.2,0.2,0.677341227,5,NA,NA
highway_59,faster_rcnn_resnet101,0.16,0.16,0.563512247,4,NA,NA
highway_59,faster_rcnn_resnet101,0.12,0.12,0.435524737,3,NA,NA
highway_59,faster_rcnn_resnet101,0.1,0.1,0.372080464,2.5,NA,NA
highway_59,faster_rcnn_resnet101,0.08,0.08,0.307096084,2,NA,NA
highway_59,faster_rcnn_resnet101,0.072,0.072,0.276275476,1.8,NA,NA
highway_59,faster_rcnn_resnet101,0.06,0.06,0.231469093,1.5,NA,NA
highway_59,faster_rcnn_resnet101,0.048,0.048,0.190577873,1.2,NA,NA
highway_59,faster_rcnn_resnet101,0.04,0.04,0.164898617,1,NA,NA
highway_60,faster_rcnn_resnet101,0.04,0.04,0.149433687,1,NA,NA
highway_60,faster_rcnn_inception_v2,0.021886792,0.04,0.093789607,1,NA,NA
highway_60,ssd_mobilenet_v2,0.011698113,0.04,0.093109244,1,NA,NA
highway_60,faster_rcnn_resnet101,0.8,0.8,0.990130419,20,NA,NA
highway_60,faster_rcnn_resnet101,0.6,0.6,0.978470156,15,NA,NA
highway_60,faster_rcnn_resnet101,0.4,0.4,0.916814159,10,NA,NA
highway_60,faster_rcnn_resnet101,0.2,0.2,0.642172524,5,NA,NA
highway_60,faster_rcnn_resnet101,0.16,0.16,0.530017762,4,NA,NA
highway_60,faster_rcnn_resnet101,0.12,0.12,0.425174825,3,NA,NA
highway_60,faster_rcnn_resnet101,0.1,0.1,0.36164482,2.5,NA,NA
highway_60,faster_rcnn_resnet101,0.08,0.08,0.290032386,2,NA,NA
highway_60,faster_rcnn_resnet101,0.072,0.072,0.26742532,1.8,NA,NA
highway_60,faster_rcnn_resnet101,0.06,0.06,0.232092697,1.5,NA,NA
highway_60,faster_rcnn_resnet101,0.048,0.048,0.184859155,1.2,NA,NA
highway_60,faster_rcnn_resnet101,0.04,0.04,0.149433687,1,NA,NA
highway_61,faster_rcnn_resnet101,0.04,0.04,0.167189953,1,NA,NA
highway_61,faster_rcnn_inception_v2,0.021886792,0.04,0.151656841,1,NA,NA
highway_61,ssd_mobilenet_v2,0.011698113,0.04,0.132636511,1,NA,NA
highway_61,faster_rcnn_resnet101,0.8,0.8,0.991478887,20,NA,NA
highway_61,faster_rcnn_resnet101,0.6,0.6,0.985063339,15,NA,NA
highway_61,faster_rcnn_resnet101,0.4,0.4,0.93452268,10,NA,NA
highway_61,faster_rcnn_resnet101,0.2,0.2,0.673014664,5,NA,NA
highway_61,faster_rcnn_resnet101,0.16,0.16,0.563975628,4,NA,NA
highway_61,faster_rcnn_resnet101,0.12,0.12,0.448223156,3,NA,NA
highway_61,faster_rcnn_resnet101,0.1,0.1,0.380022962,2.5,NA,NA
highway_61,faster_rcnn_resnet101,0.08,0.08,0.316255778,2,NA,NA
highway_61,faster_rcnn_resnet101,0.072,0.072,0.293142427,1.8,NA,NA
highway_61,faster_rcnn_resnet101,0.06,0.06,0.250667684,1.5,NA,NA
highway_61,faster_rcnn_resnet101,0.048,0.048,0.200269076,1.2,NA,NA
highway_61,faster_rcnn_resnet101,0.04,0.04,0.167189953,1,NA,NA
highway_62,faster_rcnn_resnet101,0.04,0.04,0.145544906,1,NA,NA
highway_62,faster_rcnn_inception_v2,0.021886792,0.04,0.098236776,1,NA,NA
highway_62,ssd_mobilenet_v2,0.011698113,0.04,0.101095198,1,NA,NA
highway_62,faster_rcnn_resnet101,0.8,0.8,0.989030432,20,NA,NA
highway_62,faster_rcnn_resnet101,0.6,0.6,0.978045326,15,NA,NA
highway_62,faster_rcnn_resnet101,0.4,0.4,0.912144246,10,NA,NA
highway_62,faster_rcnn_resnet101,0.2,0.2,0.614622057,5,NA,NA
highway_62,faster_rcnn_resnet101,0.16,0.16,0.509407171,4,NA,NA
highway_62,faster_rcnn_resnet101,0.12,0.12,0.397821121,3,NA,NA
highway_62,faster_rcnn_resnet101,0.1,0.1,0.335370237,2.5,NA,NA
highway_62,faster_rcnn_resnet101,0.08,0.08,0.270767055,2,NA,NA
highway_62,faster_rcnn_resnet101,0.072,0.072,0.241360978,1.8,NA,NA
highway_62,faster_rcnn_resnet101,0.06,0.06,0.204776958,1.5,NA,NA
highway_62,faster_rcnn_resnet101,0.048,0.048,0.170005226,1.2,NA,NA
highway_62,faster_rcnn_resnet101,0.04,0.04,0.145544906,1,NA,NA
highway_63,faster_rcnn_resnet101,0.04,0.04,0.210915197,1,NA,NA
highway_63,faster_rcnn_inception_v2,0.021886792,0.04,0.166299746,1,NA,NA
highway_63,ssd_mobilenet_v2,0.011698113,0.04,0.147420147,1,NA,NA
highway_63,faster_rcnn_resnet101,0.8,0.8,0.989673551,20,NA,NA
highway_63,faster_rcnn_resnet101,0.6,0.6,0.981842412,15,NA,NA
highway_63,faster_rcnn_resnet101,0.4,0.4,0.932556203,10,NA,NA
highway_63,faster_rcnn_resnet101,0.2,0.2,0.706945607,5,NA,NA
highway_63,faster_rcnn_resnet101,0.16,0.16,0.59996665,4,NA,NA
highway_63,faster_rcnn_resnet101,0.12,0.12,0.486145678,3,NA,NA
highway_63,faster_rcnn_resnet101,0.1,0.1,0.419882056,2.5,NA,NA
highway_63,faster_rcnn_resnet101,0.08,0.08,0.358537807,2,NA,NA
highway_63,faster_rcnn_resnet101,0.072,0.072,0.31974713,1.8,NA,NA
highway_63,faster_rcnn_resnet101,0.06,0.06,0.281929681,1.5,NA,NA
highway_63,faster_rcnn_resnet101,0.048,0.048,0.229051217,1.2,NA,NA
highway_63,faster_rcnn_resnet101,0.04,0.04,0.210915197,1,NA,NA
highway_64,faster_rcnn_resnet101,0.04,0.04,0.152210409,1,NA,NA
highway_64,faster_rcnn_inception_v2,0.021886792,0.04,0.111153552,1,NA,NA
highway_64,ssd_mobilenet_v2,0.011698113,0.04,0.096663227,1,NA,NA
highway_64,faster_rcnn_resnet101,0.8,0.8,0.991530209,20,NA,NA
highway_64,faster_rcnn_resnet101,0.6,0.6,0.979461089,15,NA,NA
highway_64,faster_rcnn_resnet101,0.4,0.4,0.9249859,10,NA,NA
highway_64,faster_rcnn_resnet101,0.2,0.2,0.665034833,5,NA,NA
highway_64,faster_rcnn_resnet101,0.16,0.16,0.552983249,4,NA,NA
highway_64,faster_rcnn_resnet101,0.12,0.12,0.422197225,3,NA,NA
highway_64,faster_rcnn_resnet101,0.1,0.1,0.361441238,2.5,NA,NA
highway_64,faster_rcnn_resnet101,0.08,0.08,0.298889516,2,NA,NA
highway_64,faster_rcnn_resnet101,0.072,0.072,0.27595319,1.8,NA,NA
highway_64,faster_rcnn_resnet101,0.06,0.06,0.224160819,1.5,NA,NA
highway_64,faster_rcnn_resnet101,0.048,0.048,0.184731385,1.2,NA,NA
highway_64,faster_rcnn_resnet101,0.04,0.04,0.152210409,1,NA,NA
highway_65,faster_rcnn_resnet101,0.04,0.04,0.210404624,1,NA,NA
highway_65,faster_rcnn_inception_v2,0.021886792,0.04,0.1264013,1,NA,NA
highway_65,ssd_mobilenet_v2,0.011698113,0.04,0.100435323,1,NA,NA
highway_65,faster_rcnn_resnet101,0.8,0.8,0.989174342,20,NA,NA
highway_65,faster_rcnn_resnet101,0.6,0.6,0.979624838,15,NA,NA
highway_65,faster_rcnn_resnet101,0.4,0.4,0.938004521,10,NA,NA
highway_65,faster_rcnn_resnet101,0.2,0.2,0.73095624,5,NA,NA
highway_65,faster_rcnn_resnet101,0.16,0.16,0.625709191,4,NA,NA
highway_65,faster_rcnn_resnet101,0.12,0.12,0.500564425,3,NA,NA
highway_65,faster_rcnn_resnet101,0.1,0.1,0.434938776,2.5,NA,NA
highway_65,faster_rcnn_resnet101,0.08,0.08,0.376124285,2,NA,NA
highway_65,faster_rcnn_resnet101,0.072,0.072,0.345437018,1.8,NA,NA
highway_65,faster_rcnn_resnet101,0.06,0.06,0.29783775,1.5,NA,NA
highway_65,faster_rcnn_resnet101,0.048,0.048,0.253205648,1.2,NA,NA
highway_65,faster_rcnn_resnet101,0.04,0.04,0.210404624,1,NA,NA
highway_66,faster_rcnn_resnet101,0.04,0.04,0.181986755,1,NA,NA
highway_66,faster_rcnn_inception_v2,0.021886792,0.04,0.146781578,1,NA,NA
highway_66,ssd_mobilenet_v2,0.011698113,0.04,0.133574879,1,NA,NA
highway_66,faster_rcnn_resnet101,0.8,0.8,0.989250131,20,NA,NA
highway_66,faster_rcnn_resnet101,0.6,0.6,0.981413613,15,NA,NA
highway_66,faster_rcnn_resnet101,0.4,0.4,0.934645669,10,NA,NA
highway_66,faster_rcnn_resnet101,0.2,0.2,0.722207622,5,NA,NA
highway_66,faster_rcnn_resnet101,0.16,0.16,0.590825204,4,NA,NA
highway_66,faster_rcnn_resnet101,0.12,0.12,0.471508671,3,NA,NA
highway_66,faster_rcnn_resnet101,0.1,0.1,0.400786885,2.5,NA,NA
highway_66,faster_rcnn_resnet101,0.08,0.08,0.321362556,2,NA,NA
highway_66,faster_rcnn_resnet101,0.072,0.072,0.299908485,1.8,NA,NA
highway_66,faster_rcnn_resnet101,0.06,0.06,0.252001575,1.5,NA,NA
highway_66,faster_rcnn_resnet101,0.048,0.048,0.207775322,1.2,NA,NA
highway_66,faster_rcnn_resnet101,0.04,0.04,0.181986755,1,NA,NA
highway_67,faster_rcnn_resnet101,0.04,0.04,0.204145893,1,NA,NA
highway_67,faster_rcnn_inception_v2,0.021886792,0.04,0.158463385,1,NA,NA
highway_67,ssd_mobilenet_v2,0.011698113,0.04,0.140409207,1,NA,NA
highway_67,faster_rcnn_resnet101,0.8,0.8,0.99095082,20,NA,NA
highway_67,faster_rcnn_resnet101,0.6,0.6,0.98288253,15,NA,NA
highway_67,faster_rcnn_resnet101,0.4,0.4,0.952393477,10,NA,NA
highway_67,faster_rcnn_resnet101,0.2,0.2,0.774337444,5,NA,NA
highway_67,faster_rcnn_resnet101,0.16,0.16,0.648123852,4,NA,NA
highway_67,faster_rcnn_resnet101,0.12,0.12,0.515783981,3,NA,NA
highway_67,faster_rcnn_resnet101,0.1,0.1,0.447437929,2.5,NA,NA
highway_67,faster_rcnn_resnet101,0.08,0.08,0.372404731,2,NA,NA
highway_67,faster_rcnn_resnet101,0.072,0.072,0.34032634,1.8,NA,NA
highway_67,faster_rcnn_resnet101,0.06,0.06,0.282270607,1.5,NA,NA
highway_67,faster_rcnn_resnet101,0.048,0.048,0.230157696,1.2,NA,NA
highway_67,faster_rcnn_resnet101,0.04,0.04,0.204145893,1,NA,NA